CREATE DATABASE  IF NOT EXISTS `doupo_take_out` ;
USE `doupo_take_out`;

DROP TABLE IF EXISTS `address_book`;
CREATE TABLE `address_book` (
  `id` bigint NOT NULL AUTO_INCREMENT COMMENT '主键',
  `user_id` bigint NOT NULL COMMENT '用户id',
  `consignee` varchar(50) COLLATE utf8_bin DEFAULT NULL COMMENT '收货人',
  `sex` varchar(2) COLLATE utf8_bin DEFAULT NULL COMMENT '性别',
  `phone` varchar(11) COLLATE utf8_bin NOT NULL COMMENT '手机号',
  `province_code` varchar(12) CHARACTER SET utf8mb4  DEFAULT NULL COMMENT '省级区划编号',
  `province_name` varchar(32) CHARACTER SET utf8mb4  DEFAULT NULL COMMENT '省级名称',
  `city_code` varchar(12) CHARACTER SET utf8mb4  DEFAULT NULL COMMENT '市级区划编号',
  `city_name` varchar(32) CHARACTER SET utf8mb4  DEFAULT NULL COMMENT '市级名称',
  `district_code` varchar(12) CHARACTER SET utf8mb4  DEFAULT NULL COMMENT '区级区划编号',
  `district_name` varchar(32) CHARACTER SET utf8mb4  DEFAULT NULL COMMENT '区级名称',
  `detail` varchar(200) CHARACTER SET utf8mb4  DEFAULT NULL COMMENT '详细地址',
  `label` varchar(100) CHARACTER SET utf8mb4  DEFAULT NULL COMMENT '标签',
  `is_default` tinyint(1) NOT NULL DEFAULT '0' COMMENT '默认 0 否 1是',
  PRIMARY KEY (`id`)
) ENGINE=InnoDB AUTO_INCREMENT=2 DEFAULT CHARSET=utf8mb3 COLLATE=utf8_bin COMMENT='地址簿';

DROP TABLE IF EXISTS `category`;
CREATE TABLE `category` (
  `id` bigint NOT NULL AUTO_INCREMENT COMMENT '主键',
  `type` int DEFAULT NULL COMMENT '类型   1 菜品分类 2 套餐分类',
  `name` varchar(32) COLLATE utf8_bin NOT NULL COMMENT '分类名称',
  `sort` int NOT NULL DEFAULT '0' COMMENT '顺序',
  `status` int DEFAULT NULL COMMENT '分类状态 0:禁用，1:启用',
  `create_time` datetime DEFAULT NULL COMMENT '创建时间',
  `update_time` datetime DEFAULT NULL COMMENT '更新时间',
  `create_user` bigint DEFAULT NULL COMMENT '创建人',
  `update_user` bigint DEFAULT NULL COMMENT '修改人',
  PRIMARY KEY (`id`),
  UNIQUE KEY `idx_category_name` (`name`)
) ENGINE=InnoDB AUTO_INCREMENT=23 DEFAULT CHARSET=utf8mb3 COLLATE=utf8_bin COMMENT='菜品及套餐分类';

INSERT INTO `category` VALUES (11,1,'酒水饮料',10,1,'2022-06-09 22:09:18','2022-06-09 22:09:18',1,1);
INSERT INTO `category` VALUES (12,1,'传统主食',9,1,'2022-06-09 22:09:32','2022-06-09 22:18:53',1,1);
INSERT INTO `category` VALUES (13,2,'人气套餐',12,1,'2022-06-09 22:11:38','2022-06-10 11:04:40',1,1);
INSERT INTO `category` VALUES (15,2,'商务套餐',13,1,'2022-06-09 22:14:10','2022-06-10 11:04:48',1,1);
INSERT INTO `category` VALUES (16,1,'蜀味烤鱼',4,1,'2022-06-09 22:15:37','2022-08-31 14:27:25',1,1);
INSERT INTO `category` VALUES (17,1,'蜀味牛蛙',5,1,'2022-06-09 22:16:14','2022-08-31 14:39:44',1,1);
INSERT INTO `category` VALUES (18,1,'特色蒸菜',6,1,'2022-06-09 22:17:42','2022-06-09 22:17:42',1,1);
INSERT INTO `category` VALUES (19,1,'新鲜时蔬',7,1,'2022-06-09 22:18:12','2022-06-09 22:18:28',1,1);
INSERT INTO `category` VALUES (20,1,'水煮鱼',8,1,'2022-06-09 22:22:29','2022-06-09 22:23:45',1,1);
INSERT INTO `category` VALUES (21,1,'汤类',11,1,'2022-06-10 10:51:47','2022-06-10 10:51:47',1,1);

DROP TABLE IF EXISTS `dish`;
CREATE TABLE `dish` (
  `id` bigint NOT NULL AUTO_INCREMENT COMMENT '主键',
  `name` varchar(32) COLLATE utf8_bin NOT NULL COMMENT '菜品名称',
  `category_id` bigint NOT NULL COMMENT '菜品分类id',
  `price` decimal(10,2) DEFAULT NULL COMMENT '菜品价格',
  `image` varchar(255) COLLATE utf8_bin DEFAULT NULL COMMENT '图片',
  `description` varchar(255) COLLATE utf8_bin DEFAULT NULL COMMENT '描述信息',
  `status` int DEFAULT '1' COMMENT '0 停售 1 起售',
  `create_time` datetime DEFAULT NULL COMMENT '创建时间',
  `update_time` datetime DEFAULT NULL COMMENT '更新时间',
  `create_user` bigint DEFAULT NULL COMMENT '创建人',
  `update_user` bigint DEFAULT NULL COMMENT '修改人',
  PRIMARY KEY (`id`),
  UNIQUE KEY `idx_dish_name` (`name`)
) ENGINE=InnoDB AUTO_INCREMENT=70 DEFAULT CHARSET=utf8mb3 COLLATE=utf8_bin COMMENT='菜品';

INSERT INTO `dish` VALUES (46, '王老吉', 11, 6.00, 'https://doupo-take-out.oss-cn-beijing.aliyuncs.com/38c31476-3616-487a-9940-337a8f5750a4.png', '', 1, '2022-06-09 22:40:47', '2026-01-30 20:30:33', 1, 1);
INSERT INTO `dish` VALUES (47, '北冰洋', 11, 4.00, 'https://doupo-take-out.oss-cn-beijing.aliyuncs.com/c38b12dd-7143-4e66-9100-19c1c15c2d74.png', '还是小时候的味道', 1, '2022-06-10 09:18:49', '2026-01-30 20:31:37', 1, 1);
INSERT INTO `dish` VALUES (48, '雪花啤酒', 11, 4.00, 'https://doupo-take-out.oss-cn-beijing.aliyuncs.com/b936a596-3fae-49d5-836c-9afaea4cc04e.png', '', 1, '2022-06-10 09:22:54', '2026-01-30 20:30:52', 1, 1);
INSERT INTO `dish` VALUES (49, '米饭', 12, 2.00, 'https://doupo-take-out.oss-cn-beijing.aliyuncs.com/88d0fe60-3052-499c-91e3-1a9a650c0279.png', '精选五常大米', 1, '2022-06-10 09:30:17', '2026-01-30 20:31:49', 1, 1);
INSERT INTO `dish` VALUES (50, '馒头', 12, 1.00, 'https://doupo-take-out.oss-cn-beijing.aliyuncs.com/acea65d4-33f1-4072-bbaa-a2c8b238ca9a.png', '优质面粉', 1, '2022-06-10 09:34:28', '2026-01-30 20:32:04', 1, 1);
INSERT INTO `dish` VALUES (51, '老坛酸菜鱼', 20, 56.00, 'https://doupo-take-out.oss-cn-beijing.aliyuncs.com/8c652f7f-a065-4867-9ff8-7a34dd7bf09b.png', '原料：汤，草鱼，酸菜', 1, '2022-06-10 09:40:51', '2026-01-30 20:32:33', 1, 1);
INSERT INTO `dish` VALUES (52, '经典酸菜鮰鱼', 20, 66.00, 'https://doupo-take-out.oss-cn-beijing.aliyuncs.com/42e37cae-ff27-4daf-98af-2d67f87b1f99.png', '原料：酸菜，江团，鮰鱼', 1, '2022-06-10 09:46:02', '2026-01-30 20:32:51', 1, 1);
INSERT INTO `dish` VALUES (53, '蜀味水煮草鱼', 20, 38.00, 'https://doupo-take-out.oss-cn-beijing.aliyuncs.com/7a5561eb-ecba-45f9-8457-53a85cba8e1e.png', '原料：草鱼，汤', 1, '2022-06-10 09:48:37', '2026-01-30 20:33:14', 1, 1);
INSERT INTO `dish` VALUES (54, '清炒小油菜', 19, 18.00, 'https://doupo-take-out.oss-cn-beijing.aliyuncs.com/2bd1ef50-796d-457a-8a15-9adff5af5b83.png', '原料：小油菜', 1, '2022-06-10 09:51:46', '2026-01-30 20:33:29', 1, 1);
INSERT INTO `dish` VALUES (55, '蒜蓉娃娃菜', 19, 18.00, 'https://doupo-take-out.oss-cn-beijing.aliyuncs.com/00e7475a-61c5-4a64-846d-2124aa6cd456.png', '原料：蒜，娃娃菜', 1, '2022-06-10 09:53:37', '2026-01-30 20:33:46', 1, 1);
INSERT INTO `dish` VALUES (56, '清炒西兰花', 19, 18.00, 'https://doupo-take-out.oss-cn-beijing.aliyuncs.com/81da16ce-2a1f-4004-8dd5-7b66857fd744.png', '原料：西兰花', 1, '2022-06-10 09:55:44', '2026-01-30 20:34:02', 1, 1);
INSERT INTO `dish` VALUES (57, '炝炒圆白菜', 19, 18.00, 'https://doupo-take-out.oss-cn-beijing.aliyuncs.com/68bb9448-2736-41fa-9e33-f219292558a4.png', '原料：圆白菜', 1, '2022-06-10 09:58:35', '2026-01-30 20:34:37', 1, 1);
INSERT INTO `dish` VALUES (58, '清蒸鲈鱼', 18, 98.00, 'https://doupo-take-out.oss-cn-beijing.aliyuncs.com/9489af90-e1d4-431b-8188-9c1b556b129a.png', '原料：鲈鱼', 1, '2022-06-10 10:12:28', '2026-01-30 20:34:50', 1, 1);
INSERT INTO `dish` VALUES (59, '东坡肘子', 18, 138.00, 'https://doupo-take-out.oss-cn-beijing.aliyuncs.com/ee5f9bec-a34e-4a76-a953-b006beebdac3.png', '原料：猪肘棒', 1, '2022-06-10 10:24:03', '2026-01-30 20:35:06', 1, 1);
INSERT INTO `dish` VALUES (60, '梅菜扣肉', 18, 58.00, 'https://doupo-take-out.oss-cn-beijing.aliyuncs.com/188ce09e-ddf7-4b37-9fed-b891fb4d2b4f.png', '原料：猪肉，梅菜', 1, '2022-06-10 10:26:03', '2026-01-30 20:35:21', 1, 1);
INSERT INTO `dish` VALUES (61, '剁椒鱼头', 18, 66.00, 'https://doupo-take-out.oss-cn-beijing.aliyuncs.com/e8217751-6b27-43ef-9c09-0cee95397019.png', '原料：鲢鱼，剁椒', 1, '2022-06-10 10:28:54', '2026-01-30 20:35:36', 1, 1);
INSERT INTO `dish` VALUES (62, '金汤酸菜牛蛙', 17, 88.00, 'https://doupo-take-out.oss-cn-beijing.aliyuncs.com/7afdad72-ef9e-42e3-8ddb-a1b56c7c677e.png', '原料：鲜活牛蛙，酸菜', 1, '2022-06-10 10:33:05', '2026-01-30 20:35:51', 1, 1);
INSERT INTO `dish` VALUES (63, '香锅牛蛙', 17, 88.00, 'https://doupo-take-out.oss-cn-beijing.aliyuncs.com/b209ded8-067b-4a57-8ade-046b7fbca1b9.png', '配料：鲜活牛蛙，莲藕，青笋', 1, '2022-06-10 10:35:40', '2026-01-30 20:36:37', 1, 1);
INSERT INTO `dish` VALUES (64, '馋嘴牛蛙', 17, 88.00, 'https://doupo-take-out.oss-cn-beijing.aliyuncs.com/74ab7da8-c7b5-4ce6-8206-f94557646877.png', '配料：鲜活牛蛙，丝瓜，黄豆芽', 1, '2022-06-10 10:37:52', '2026-01-30 20:36:56', 1, 1);
INSERT INTO `dish` VALUES (65, '草鱼2斤', 16, 68.00, 'https://doupo-take-out.oss-cn-beijing.aliyuncs.com/5434a7e5-80ce-4c00-94ab-fc735a8f1135.png', '原料：草鱼，黄豆芽，莲藕', 1, '2022-06-10 10:41:08', '2026-01-30 20:37:12', 1, 1);
INSERT INTO `dish` VALUES (66, '江团鱼2斤', 16, 119.00, 'https://doupo-take-out.oss-cn-beijing.aliyuncs.com/9945f3eb-7a01-4d5e-b543-b0728a360bc5.png', '配料：江团鱼，黄豆芽，莲藕', 1, '2022-06-10 10:42:42', '2026-01-30 20:37:26', 1, 1);
INSERT INTO `dish` VALUES (67, '鮰鱼2斤', 16, 72.00, 'https://doupo-take-out.oss-cn-beijing.aliyuncs.com/057d5eb0-791d-4b00-ad59-fe4cdcfb0099.png', '原料：鮰鱼，黄豆芽，莲藕', 1, '2022-06-10 10:43:56', '2026-02-05 21:44:56', 1, 1);
INSERT INTO `dish` VALUES (68, '鸡蛋汤', 21, 4.00, 'https://doupo-take-out.oss-cn-beijing.aliyuncs.com/1c956cb3-6412-4407-8b75-88268eae927a.png', '配料：鸡蛋，紫菜', 1, '2022-06-10 10:54:25', '2026-01-30 20:27:52', 1, 1);
INSERT INTO `dish` VALUES (69, '平菇豆腐汤', 21, 6.00, 'https://doupo-take-out.oss-cn-beijing.aliyuncs.com/ae612456-03b9-400e-82f2-61c132138e6b.png', '配料：豆腐，平菇', 1, '2022-06-10 10:55:02', '2026-01-30 01:15:05', 1, 1);

DROP TABLE IF EXISTS `dish_flavor`;
CREATE TABLE `dish_flavor` (
  `id` bigint NOT NULL AUTO_INCREMENT COMMENT '主键',
  `dish_id` bigint NOT NULL COMMENT '菜品',
  `name` varchar(32) COLLATE utf8_bin DEFAULT NULL COMMENT '口味名称',
  `value` varchar(255) COLLATE utf8_bin DEFAULT NULL COMMENT '口味数据list',
  PRIMARY KEY (`id`)
) ENGINE=InnoDB AUTO_INCREMENT=104 DEFAULT CHARSET=utf8mb3 COLLATE=utf8_bin COMMENT='菜品口味关系表';

INSERT INTO `dish_flavor` VALUES (40,10,'甜味','[\"无糖\",\"少糖\",\"半糖\",\"多糖\",\"全糖\"]');
INSERT INTO `dish_flavor` VALUES (41,7,'忌口','[\"不要葱\",\"不要蒜\",\"不要香菜\",\"不要辣\"]');
INSERT INTO `dish_flavor` VALUES (42,7,'温度','[\"热饮\",\"常温\",\"去冰\",\"少冰\",\"多冰\"]');
INSERT INTO `dish_flavor` VALUES (45,6,'忌口','[\"不要葱\",\"不要蒜\",\"不要香菜\",\"不要辣\"]');
INSERT INTO `dish_flavor` VALUES (46,6,'辣度','[\"不辣\",\"微辣\",\"中辣\",\"重辣\"]');
INSERT INTO `dish_flavor` VALUES (47,5,'辣度','[\"不辣\",\"微辣\",\"中辣\",\"重辣\"]');
INSERT INTO `dish_flavor` VALUES (48,5,'甜味','[\"无糖\",\"少糖\",\"半糖\",\"多糖\",\"全糖\"]');
INSERT INTO `dish_flavor` VALUES (49,2,'甜味','[\"无糖\",\"少糖\",\"半糖\",\"多糖\",\"全糖\"]');
INSERT INTO `dish_flavor` VALUES (50,4,'甜味','[\"无糖\",\"少糖\",\"半糖\",\"多糖\",\"全糖\"]');
INSERT INTO `dish_flavor` VALUES (51,3,'甜味','[\"无糖\",\"少糖\",\"半糖\",\"多糖\",\"全糖\"]');
INSERT INTO `dish_flavor` VALUES (52,3,'忌口','[\"不要葱\",\"不要蒜\",\"不要香菜\",\"不要辣\"]');
INSERT INTO `dish_flavor` VALUES (86,52,'忌口','[\"不要葱\",\"不要蒜\",\"不要香菜\",\"不要辣\"]');
INSERT INTO `dish_flavor` VALUES (87,52,'辣度','[\"不辣\",\"微辣\",\"中辣\",\"重辣\"]');
INSERT INTO `dish_flavor` VALUES (88,51,'忌口','[\"不要葱\",\"不要蒜\",\"不要香菜\",\"不要辣\"]');
INSERT INTO `dish_flavor` VALUES (89,51,'辣度','[\"不辣\",\"微辣\",\"中辣\",\"重辣\"]');
INSERT INTO `dish_flavor` VALUES (92,53,'忌口','[\"不要葱\",\"不要蒜\",\"不要香菜\",\"不要辣\"]');
INSERT INTO `dish_flavor` VALUES (93,53,'辣度','[\"不辣\",\"微辣\",\"中辣\",\"重辣\"]');
INSERT INTO `dish_flavor` VALUES (94,54,'忌口','[\"不要葱\",\"不要蒜\",\"不要香菜\"]');
INSERT INTO `dish_flavor` VALUES (95,56,'忌口','[\"不要葱\",\"不要蒜\",\"不要香菜\",\"不要辣\"]');
INSERT INTO `dish_flavor` VALUES (96,57,'忌口','[\"不要葱\",\"不要蒜\",\"不要香菜\",\"不要辣\"]');
INSERT INTO `dish_flavor` VALUES (97,60,'忌口','[\"不要葱\",\"不要蒜\",\"不要香菜\",\"不要辣\"]');
INSERT INTO `dish_flavor` VALUES (101,66,'辣度','[\"不辣\",\"微辣\",\"中辣\",\"重辣\"]');
INSERT INTO `dish_flavor` VALUES (102,67,'辣度','[\"不辣\",\"微辣\",\"中辣\",\"重辣\"]');
INSERT INTO `dish_flavor` VALUES (103,65,'辣度','[\"不辣\",\"微辣\",\"中辣\",\"重辣\"]');

DROP TABLE IF EXISTS `employee`;
CREATE TABLE `employee` (
  `id` bigint NOT NULL AUTO_INCREMENT COMMENT '主键',
  `name` varchar(32) COLLATE utf8_bin NOT NULL COMMENT '姓名',
  `username` varchar(32) COLLATE utf8_bin NOT NULL COMMENT '用户名',
  `password` varchar(64) COLLATE utf8_bin NOT NULL COMMENT '密码',
  `phone` varchar(11) COLLATE utf8_bin NOT NULL COMMENT '手机号',
  `sex` varchar(2) COLLATE utf8_bin NOT NULL COMMENT '性别',
  `id_number` varchar(18) COLLATE utf8_bin NOT NULL COMMENT '身份证号',
  `status` int NOT NULL DEFAULT '1' COMMENT '状态 0:禁用，1:启用',
  `create_time` datetime DEFAULT NULL COMMENT '创建时间',
  `update_time` datetime DEFAULT NULL COMMENT '更新时间',
  `create_user` bigint DEFAULT NULL COMMENT '创建人',
  `update_user` bigint DEFAULT NULL COMMENT '修改人',
  PRIMARY KEY (`id`),
  UNIQUE KEY `idx_username` (`username`)
) ENGINE=InnoDB AUTO_INCREMENT=2 DEFAULT CHARSET=utf8mb3 COLLATE=utf8_bin COMMENT='员工信息';

INSERT INTO `employee` VALUES (1,'管理员','admin','123456','13812312312','1','110101199001010047',1,'2022-02-15 15:51:20','2022-02-17 09:16:20',10,1);

DROP TABLE IF EXISTS `order_detail`;
CREATE TABLE `order_detail` (
  `id` bigint NOT NULL AUTO_INCREMENT COMMENT '主键',
  `name` varchar(32) COLLATE utf8_bin DEFAULT NULL COMMENT '名字',
  `image` varchar(255) COLLATE utf8_bin DEFAULT NULL COMMENT '图片',
  `order_id` bigint NOT NULL COMMENT '订单id',
  `dish_id` bigint DEFAULT NULL COMMENT '菜品id',
  `setmeal_id` bigint DEFAULT NULL COMMENT '套餐id',
  `dish_flavor` varchar(50) COLLATE utf8_bin DEFAULT NULL COMMENT '口味',
  `number` int NOT NULL DEFAULT '1' COMMENT '数量',
  `amount` decimal(10,2) NOT NULL COMMENT '金额',
  PRIMARY KEY (`id`)
) ENGINE=InnoDB AUTO_INCREMENT=5 DEFAULT CHARSET=utf8mb3 COLLATE=utf8_bin COMMENT='订单明细表';

DROP TABLE IF EXISTS `orders`;
CREATE TABLE `orders` (
  `id` bigint NOT NULL AUTO_INCREMENT COMMENT '主键',
  `number` varchar(50) COLLATE utf8_bin DEFAULT NULL COMMENT '订单号',
  `status` int NOT NULL DEFAULT '1' COMMENT '订单状态 1待付款 2待接单 3已接单 4派送中 5已完成 6已取消 7退款',
  `user_id` bigint NOT NULL COMMENT '下单用户',
  `address_book_id` bigint NOT NULL COMMENT '地址id',
  `order_time` datetime NOT NULL COMMENT '下单时间',
  `checkout_time` datetime DEFAULT NULL COMMENT '结账时间',
  `pay_method` int NOT NULL DEFAULT '1' COMMENT '支付方式 1微信,2支付宝',
  `pay_status` tinyint NOT NULL DEFAULT '0' COMMENT '支付状态 0未支付 1已支付 2退款',
  `amount` decimal(10,2) NOT NULL COMMENT '实收金额',
  `remark` varchar(100) COLLATE utf8_bin DEFAULT NULL COMMENT '备注',
  `phone` varchar(11) COLLATE utf8_bin DEFAULT NULL COMMENT '手机号',
  `address` varchar(255) COLLATE utf8_bin DEFAULT NULL COMMENT '地址',
  `user_name` varchar(32) COLLATE utf8_bin DEFAULT NULL COMMENT '用户名称',
  `consignee` varchar(32) COLLATE utf8_bin DEFAULT NULL COMMENT '收货人',
  `cancel_reason` varchar(255) COLLATE utf8_bin DEFAULT NULL COMMENT '订单取消原因',
  `rejection_reason` varchar(255) COLLATE utf8_bin DEFAULT NULL COMMENT '订单拒绝原因',
  `cancel_time` datetime DEFAULT NULL COMMENT '订单取消时间',
  `estimated_delivery_time` datetime DEFAULT NULL COMMENT '预计送达时间',
  `delivery_status` tinyint(1) NOT NULL DEFAULT '1' COMMENT '配送状态  1立即送出  0选择具体时间',
  `delivery_time` datetime DEFAULT NULL COMMENT '送达时间',
  `pack_amount` int DEFAULT NULL COMMENT '打包费',
  `tableware_number` int DEFAULT NULL COMMENT '餐具数量',
  `tableware_status` tinyint(1) NOT NULL DEFAULT '1' COMMENT '餐具数量状态  1按餐量提供  0选择具体数量',
  PRIMARY KEY (`id`)
) ENGINE=InnoDB AUTO_INCREMENT=4 DEFAULT CHARSET=utf8mb3 COLLATE=utf8_bin COMMENT='订单表';

DROP TABLE IF EXISTS `setmeal`;
CREATE TABLE `setmeal` (
  `id` bigint NOT NULL AUTO_INCREMENT COMMENT '主键',
  `category_id` bigint NOT NULL COMMENT '菜品分类id',
  `name` varchar(32) COLLATE utf8_bin NOT NULL COMMENT '套餐名称',
  `price` decimal(10,2) NOT NULL COMMENT '套餐价格',
  `status` int DEFAULT '1' COMMENT '售卖状态 0:停售 1:起售',
  `description` varchar(255) COLLATE utf8_bin DEFAULT NULL COMMENT '描述信息',
  `image` varchar(255) COLLATE utf8_bin DEFAULT NULL COMMENT '图片',
  `create_time` datetime DEFAULT NULL COMMENT '创建时间',
  `update_time` datetime DEFAULT NULL COMMENT '更新时间',
  `create_user` bigint DEFAULT NULL COMMENT '创建人',
  `update_user` bigint DEFAULT NULL COMMENT '修改人',
  PRIMARY KEY (`id`),
  UNIQUE KEY `idx_setmeal_name` (`name`)
) ENGINE=InnoDB AUTO_INCREMENT=32 DEFAULT CHARSET=utf8mb3 COLLATE=utf8_bin COMMENT='套餐';

DROP TABLE IF EXISTS `setmeal_dish`;
CREATE TABLE `setmeal_dish` (
  `id` bigint NOT NULL AUTO_INCREMENT COMMENT '主键',
  `setmeal_id` bigint DEFAULT NULL COMMENT '套餐id',
  `dish_id` bigint DEFAULT NULL COMMENT '菜品id',
  `name` varchar(32) COLLATE utf8_bin DEFAULT NULL COMMENT '菜品名称 （冗余字段）',
  `price` decimal(10,2) DEFAULT NULL COMMENT '菜品单价（冗余字段）',
  `copies` int DEFAULT NULL COMMENT '菜品份数',
  PRIMARY KEY (`id`)
) ENGINE=InnoDB AUTO_INCREMENT=47 DEFAULT CHARSET=utf8mb3 COLLATE=utf8_bin COMMENT='套餐菜品关系';

DROP TABLE IF EXISTS `shopping_cart`;
CREATE TABLE `shopping_cart` (
  `id` bigint NOT NULL AUTO_INCREMENT COMMENT '主键',
  `name` varchar(32) COLLATE utf8_bin DEFAULT NULL COMMENT '商品名称',
  `image` varchar(255) COLLATE utf8_bin DEFAULT NULL COMMENT '图片',
  `user_id` bigint NOT NULL COMMENT '主键',
  `dish_id` bigint DEFAULT NULL COMMENT '菜品id',
  `setmeal_id` bigint DEFAULT NULL COMMENT '套餐id',
  `dish_flavor` varchar(50) COLLATE utf8_bin DEFAULT NULL COMMENT '口味',
  `number` int NOT NULL DEFAULT '1' COMMENT '数量',
  `amount` decimal(10,2) NOT NULL COMMENT '金额',
  `create_time` datetime DEFAULT NULL COMMENT '创建时间',
  PRIMARY KEY (`id`)
) ENGINE=InnoDB AUTO_INCREMENT=9 DEFAULT CHARSET=utf8mb3 COLLATE=utf8_bin COMMENT='购物车';

DROP TABLE IF EXISTS `user`;
CREATE TABLE `user` (
  `id` bigint NOT NULL AUTO_INCREMENT COMMENT '主键',
  `openid` varchar(45) COLLATE utf8_bin DEFAULT NULL COMMENT '微信用户唯一标识',
  `name` varchar(32) COLLATE utf8_bin DEFAULT NULL COMMENT '姓名',
  `phone` varchar(11) COLLATE utf8_bin DEFAULT NULL COMMENT '手机号',
  `sex` varchar(2) COLLATE utf8_bin DEFAULT NULL COMMENT '性别',
  `id_number` varchar(18) COLLATE utf8_bin DEFAULT NULL COMMENT '身份证号',
  `avatar` varchar(500) COLLATE utf8_bin DEFAULT NULL COMMENT '头像',
  `create_time` datetime DEFAULT NULL,
  PRIMARY KEY (`id`)
) ENGINE=InnoDB AUTO_INCREMENT=4 DEFAULT CHARSET=utf8mb3 COLLATE=utf8_bin COMMENT='用户信息';